{
  "properties": {
    "activities": [
      {
        "type": "TridentNotebook",
        "typeProperties": {
          "notebookId": "c0f06fc1-16f2-4b61-bef7-82fc03210104",
          "workspaceId": "00000000-0000-0000-0000-000000000000"
        },
        "policy": {
          "timeout": "0.00:20:00",
          "retry": 0,
          "retryIntervalInSeconds": 30,
          "secureInput": false,
          "secureOutput": false
        },
        "name": "Notebook1",
        "dependsOn": []
      }
    ],
    "concurrency": 1,
    "annotations": []
  }
}